{
    "accuracy": 0.8558951965065502,
    "precision": 0.3333333333333333,
    "recall": 0.1,
    "f1": 0.15384615384615385
}
