{
    "accuracy": 0.9170305676855895,
    "precision": 0.7894736842105263,
    "recall": 0.5,
    "f1": 0.6122448979591837
}
