{
    "accuracy": 0.8733624454148472,
    "precision": 0.5555555555555556,
    "recall": 0.16666666666666666,
    "f1": 0.2564102564102564
}
