{
    "accuracy": 0.8646288209606987,
    "precision": 0.46153846153846156,
    "recall": 0.2,
    "f1": 0.27906976744186046
}
