{
    "accuracy": 0.9213973799126638,
    "precision": 0.8333333333333334,
    "recall": 0.5,
    "f1": 0.625
}
